,_step,_runtime,global_step,_timestamp,train/episodes,train/episode_length,train/episode_return,train/world_model_loss,train/rewards_mean,train/epsilon,train/q_pred_mean,train/q_loss,eval/successes_strict,eval/ep_len_mean,eval/success_strict_rate,eval/return_mean,eval/time_to_first_band_entry_mean,eval/band_visits_mean,eval/success_reach_rate,eval/successes_reach,eval/video,eval_video/time_to_first_band_entry_mean,eval_video/ep_len_mean,eval_video/return_mean,eval_video/success_reach_rate,eval_video/success_strict_rate,eval_video/band_visits_mean,eval_video/successes_strict,eval_video/successes_reach
0,0,11.755302906036377,0,1778797384.383595,,,,,,,,,,,,,,,,,,,,,,,,,
1,7,3987.011909723282,1399,1778801359.6402018,7.0,200.0,-2.0,,,,,,,,,,,,,,,,,,,,,,
2,8,3987.642390012741,1599,1778801360.270682,8.0,200.0,-2.0,,,,,,,,,,,,,,,,,,,,,,
3,28,4001.3468561172485,5599,1778801373.9751482,28.0,200.0,-2.0,,,,,,,,,,,,,,,,,,,,,,
4,33,4004.701479911804,6599,1778801377.329772,33.0,200.0,-2.0,,,,,,,,,,,,,,,,,,,,,,
5,41,4010.1960175037384,8199,1778801382.8243096,41.0,200.0,-2.0,,,,,,,,,,,,,,,,,,,,,,
6,47,4013.7059688568115,9246,1778801386.334261,47.0,200.0,-2.0,,,,,,,,,,,,,,,,,,,,,,
7,61,4028.3084032535553,11500,1778801400.9366953,,,,0.0012220577336847782,-0.009999999776482582,0.8861500024795532,-0.01539380382746458,3.923194408416748,,,,,,,,,,,,,,,,,
8,64,4032.092757463455,12000,1778801404.7210495,,,,0.0005316081806086004,-0.009999999776482582,0.8812000155448914,-0.017325252294540405,3.9232029914855957,,,,,,,,,,,,,,,,,
9,74,4042.6249947547913,13321,1778801415.2532868,68.0,200.0,-2.0,,,,,,,,,,,,,,,,,,,,,,
10,77,4045.8408217430115,13721,1778801418.4691138,70.0,200.0,-2.0,,,,,,,,,,,,,,,,,,,,,,
11,85,4055.2127163410187,14921,1778801427.8410084,76.0,200.0,-2.0,,,,,,,,,,,,,,,,,,,,,,
12,88,4058.34517455101,15321,1778801430.9734666,78.0,200.0,-2.0,,,,,,,,,,,,,,,,,,,,,,
13,102,4072.83198928833,17167,1778801445.4602814,88.0,200.0,-2.0,,,,,,,,,,,,,,,,,,,,,,
14,104,4075.508401155472,17500,1778801448.1366932,,,,0.00028839768492616713,-0.009999999776482582,0.8267499804496765,-0.07099518179893494,3.882784366607666,,,,,,,,,,,,,,,,,
15,133,4397.773805141449,21401,1778801770.4020972,110.0,200.0,-2.0,,,,,,,,,,,,,,,,,,,,,,
16,136,4401.248605966568,21801,1778801773.876898,112.0,200.0,-2.0,,,,,,,,,,,,,,,,,,,,,,
17,147,4414.714578866959,23401,1778801787.342871,120.0,200.0,-2.0,,,,,,,,,,,,,,,,,,,,,,
18,149,4416.428279876709,23601,1778801789.056572,121.0,200.0,-2.0,,,,,,,,,,,,,,,,,,,,,,
19,150,4417.984083890915,23801,1778801790.612376,122.0,200.0,-2.0,,,,,,,,,,,,,,,,,,,,,,
20,155,4423.872409582138,24454,1778801796.5007017,126.0,200.0,-2.0,,,,,,,,,,,,,,,,,,,,,,
21,157,4425.607691526413,24654,1778801798.2359836,127.0,200.0,-2.0,,,,,,,,,,,,,,,,,,,,,,
22,172,4444.446940422058,26854,1778801817.0752325,138.0,200.0,-2.0,,,,,,,,,,,,,,,,,,,,,,
23,180,4454.12152671814,28000,1778801826.7498188,,,,0.0010777984280139208,-0.009999999776482582,0.7228000164031982,-0.15764060616493225,3.79842472076416,,,,,,,,,,,,,,,,,
24,195,4510.146523237228,30000,1778801882.7748153,,,,0.0004653034848161042,-0.009999999776482582,0.703000009059906,-0.17197194695472717,3.78290057182312,0.0,200.0,0.0,-2.0,23.125,0.1599999964237213,0.0,0.0,,,,,,,,,
25,203,4518.327358961105,31001,1778801890.955651,160.0,200.0,-2.0,,,,,,,,,,,,,,,,,,,,,,
26,213,4530.165038585663,32500,1778801902.7933307,,,,0.0002648314693942666,-0.009999999776482582,0.6782500147819519,-0.19504813849925995,3.7603368759155273,,,,,,,,,,,,,,,,,
27,217,4534.294834136963,33001,1778801906.9231262,170.0,200.0,-2.0,,,,,,,,,,,,,,,,,,,,,,
28,228,4546.645649909973,34500,1778801919.273942,,,,0.00039674079744145274,-0.009999999776482582,0.6584500074386597,-0.21124443411827087,3.744173049926758,,,,,,,,,,,,,,,,,
29,233,4552.327472686768,35222,1778801924.9557648,182.0,200.0,-2.0,,,,,,,,,,,,,,,,,,,,,,
30,242,4562.510808229446,36500,1778801935.1391003,,,,0.00021321605890989304,-0.009999999776482582,0.6386500000953674,-0.22488655149936676,3.7245845794677734,,,,,,,,,,,,,,,,,
31,248,4568.529415130615,37250,1778801941.1577072,193.0,200.0,-2.0,,,,,,,,,,,,,,,,,,,,,,
32,251,4571.780373334885,37650,1778801944.4086654,195.0,200.0,-2.0,,,,,,,,,,,,,,,,,,,,,,
33,259,4581.46430850029,38850,1778801954.0926006,201.0,200.0,-2.0,,,,,,,,,,,,,,,,,,,,,,
34,265,4587.9430372715,39650,1778801960.5713294,205.0,200.0,-2.0,,,,,,,,,,,,,,,,,,,,,,
35,273,4889.846084833145,40601,1778802262.474377,210.0,200.0,-2.0,,,,,,,,,,,,,,,,,,,,,,
36,274,4891.561766862869,40801,1778802264.190059,211.0,200.0,-2.0,,,,,,,,,,,,,,,,,,,,,,
37,279,4897.447209596634,41500,1778802270.0755017,,,,0.00024123031471390277,-0.009999999776482582,0.5891500115394592,-0.26577216386795044,3.678985118865967,,,,,,,,,,,,,,,,,
38,283,4901.682684183121,42001,1778802274.3109763,217.0,200.0,-2.0,,,,,,,,,,,,,,,,,,,,,,
39,292,4913.089480161667,43390,1778802285.7177722,224.0,200.0,-2.0,,,,,,,,,,,,,,,,,,,,,,
40,302,4925.033265352249,44790,1778802297.6615574,231.0,200.0,-2.0,,,,,,,,,,,,,,,,,,,,,,
41,321,4946.35718870163,47245,1778802318.9854808,245.0,200.0,-2.0,,,,,,,,,,,,,,,,,,,,,,
42,324,4949.843067646027,47645,1778802322.4713597,247.0,200.0,-2.0,,,,,,,,,,,,,,,,,,,,,,
43,327,4953.360251665115,48045,1778802325.9885437,249.0,200.0,-2.0,,,,,,,,,,,,,,,,,,,,,,
44,330,4957.12112903595,48500,1778802329.7494211,,,,0.0007105174008756876,-0.009999999776482582,0.5198500156402588,-0.31557273864746094,3.6170573234558105,,,,,,,,,,,,,,,,,
45,332,4960.13977098465,48845,1778802332.768063,253.0,200.0,-2.0,,,,,,,,,,,,,,,,,,,,,,
46,337,4965.578949928284,49500,1778802338.207242,,,,0.0002586986811365932,-0.009999999776482582,0.5099499821662903,-0.3207957446575165,3.610629081726074,,,,,,,,,,,,,,,,,
47,340,5009.197355270386,50000,1778802381.8256474,,,,0.0002774578460957855,-0.009999999776482582,0.5049999952316284,-0.32000744342803955,3.610943078994751,0.0,200.0,0.0,-2.0,4.333333492279053,0.18000000715255737,0.0,0.0,,,,,,,,,
48,370,5041.179962158203,54000,1778802413.8082542,,,,0.0012450531357899308,-0.009999999776482582,0.46540001034736633,-0.3456685245037079,3.5735530853271484,,,,,,,,,,,,,,,,,
49,375,5046.590958356857,54680,1778802419.2192504,284.0,200.0,-2.0,,,,,,,,,,,,,,,,,,,,,,
50,396,5070.491644382477,57680,1778802443.1199365,299.0,200.0,-2.0,,,,,,,,,,,,,,,,,,,,,,
51,406,5081.731886386871,59080,1778802454.3601785,306.0,200.0,-2.0,,,,,,,,,,,,,,,,,,,,,,
52,421,5391.097885847092,61001,1778802763.726178,316.0,200.0,-2.0,,,,,,,,,,,,,,,,,,,,,,
53,425,5396.094870090485,61601,1778802768.7231622,319.0,200.0,-2.0,,,,,,,,,,,,,,,,,,,,,,
54,429,5401.340649843216,62201,1778802773.968942,322.0,200.0,-2.0,,,,,,,,,,,,,,,,,,,,,,
55,441,5415.12219285965,63824,1778802787.750485,331.0,200.0,-2.0,,,,,,,,,,,,,,,,,,,,,,
56,447,5422.300030946732,64624,1778802794.928323,335.0,200.0,-2.0,,,,,,,,,,,,,,,,,,,,,,
57,450,5425.797132253647,65024,1778802798.4254243,337.0,200.0,-2.0,,,,,,,,,,,,,,,,,,,,,,
58,471,5451.536754608154,68000,1778802824.1650467,,,,0.0003373725339770317,-0.009999999776482582,0.32679998874664307,-0.4235438108444214,3.462195873260498,,,,,,,,,,,,,,,,,
59,481,5464.282926082611,69473,1778802836.9112182,360.0,200.0,-2.0,,,,,,,,,,,,,,,,,,,,,,
60,490,5510.851036071777,70601,1778802883.4793282,366.0,200.0,-2.0,,,,,,,,,,,,,,,,,,,,,,
61,497,5518.001873970032,71500,1778802890.630166,,,,0.00023682562459725887,-0.009999999776482582,0.29214999079704285,-0.4436289072036743,3.4314937591552734,,,,,,,,,,,,,,,,,
62,504,5526.0087168216705,72500,1778802898.637009,,,,0.0001801415637601167,-0.009999999776482582,0.28224998712539673,-0.4481232166290283,3.4225099086761475,,,,,,,,,,,,,,,,,
63,515,5538.119252920151,74033,1778802910.747545,384.0,200.0,-2.0,,,,,,,,,,,,,,,,,,,,,,
64,522,5546.268248558044,75033,1778802918.8965406,389.0,200.0,-2.0,,,,,,,,,,,,,,,,,,,,,,
65,530,5555.915244102478,76233,1778802928.5435362,395.0,200.0,-2.0,,,,,,,,,,,,,,,,,,,,,,
66,534,5560.777504444122,76833,1778802933.4057965,398.0,200.0,-2.0,,,,,,,,,,,,,,,,,,,,,,
67,539,5566.106205224991,77500,1778802938.7344973,,,,0.0014895698986947536,-0.009999999776482582,0.23274999856948853,-0.4705865979194641,3.3829188346862793,,,,,,,,,,,,,,,,,
68,547,5575.556144237518,78633,1778802948.1844363,407.0,200.0,-2.0,,,,,,,,,,,,,,,,,,,,,,
69,555,5585.290999889374,79833,1778802957.919292,413.0,200.0,-2.0,,,,,,,,,,,,,,,,,,,,,,
70,559,5882.394777774811,80201,1778803255.0230699,415.0,200.0,-2.0,,,,,,,,,,,,,,,,,,,,,,
71,568,5893.650672912598,81500,1778803266.278965,,,,0.00025094905868172646,-0.009999999776482582,0.19314999878406525,-0.48653852939605713,3.357334613800049,,,,,,,,,,,,,,,,,
72,570,5896.113789558411,81801,1778803268.7420816,423.0,200.0,-2.0,,,,,,,,,,,,,,,,,,,,,,
73,573,5899.517708301544,82201,1778803272.1460004,425.0,200.0,-2.0,,,,,,,,,,,,,,,,,,,,,,
74,589,5917.651626110077,84304,1778803290.2799182,437.0,200.0,-2.0,,,,,,,,,,,,,,,,,,,,,,
75,593,5921.509261369705,84762,1778803294.1375535,440.0,200.0,-2.0,,,,,,,,,,,,,,,,,,,,,,
76,595,5923.7686314582825,85000,1778803296.3969235,,,,0.0003462041786406189,-0.009999999776482582,0.15850000083446503,-0.4972039759159088,3.3375771045684814,,,,,,,,,,,,,,,,,
77,612,5944.704074621201,87396,1778803317.3323667,454.0,200.0,-2.0,,,,,,,,,,,,,,,,,,,,,,
78,614,5946.5752239227295,87596,1778803319.203516,455.0,200.0,-2.0,,,,,,,,,,,,,,,,,,,,,,
79,630,5965.806445121765,89844,1778803338.4347372,467.0,200.0,-2.0,,,,,,,,,,,,,,,,,,,,,,
80,636,6010.788689136505,90601,1778803383.4169812,471.0,200.0,-2.0,,,,,,,,,,,,,,,,,,,,,,
81,640,6015.529034614563,91201,1778803388.1573267,474.0,200.0,-2.0,,,,,,,,,,,,,,,,,,,,,,
82,647,6023.615972518921,92201,1778803396.2442646,479.0,200.0,-2.0,,,,,,,,,,,,,,,,,,,,,,
83,650,6026.9981524944305,92601,1778803399.6264446,481.0,200.0,-2.0,,,,,,,,,,,,,,,,,,,,,,
84,664,6042.810542583466,94541,1778803415.4388347,491.0,200.0,-2.0,,,,,,,,,,,,,,,,,,,,,,
85,680,6061.726766347885,96831,1778803434.3550584,503.0,90.0,0.10000000149011612,,,,,,,,,,,,,,,,,,,,,,
86,684,6066.586404800415,97431,1778803439.214697,506.0,200.0,-2.0,,,,,,,,,,,,,,,,,,,,,,
87,689,6071.579756736755,98031,1778803444.2080488,509.0,200.0,-2.0,,,,,,,,,,,,,,,,,,,,,,
88,698,6082.912576198578,99431,1778803455.5408683,516.0,200.0,-2.0,,,,,,,,,,,,,,,,,,,,,,
89,702,6342.9384825229645,100000,1778803715.5667746,,,,,,,,,,,,,,,,,"{'size': 616558, '_type': 'video-file', 'path': 'media/videos/eval/video_4_8f8f42bc971e49f1bb4d.mp4', 'sha256': '8f8f42bc971e49f1bb4d179d29109298496c751f3b0d543b7a6e71753c6a34ff'}",,,,,,,,
90,703,6382.013107776642,100000,1778803754.6413999,,,,0.0002668985689524561,-0.009999999776482582,0.009999999776482582,-0.5503376722335815,3.253237724304199,0.0,196.39999389648438,0.0,-1.944000005722046,17.33333396911621,0.18000000715255737,0.019999999552965164,1.0,,45.5,200.0,-2.0,0.0,0.0,0.10000000149011612,0.0,0.0
91,707,6386.630866527557,100500,1778803759.2591586,,,,0.000491384300403297,-0.009999999776482582,0.009999999776482582,-0.5527148246765137,3.2458736896514893,,,,,,,,,,,,,,,,,
92,721,6404.205101013184,102500,1778803776.833393,,,,0.0005075696390122175,-0.009023437276482582,0.009999999776482582,-0.5604583621025085,3.2428553104400635,,,,,,,,,,,,,,,,,
93,725,6408.496334552765,103001,1778803781.1246266,534.0,200.0,-2.0,,,,,,,,,,,,,,,,,,,,,,
94,729,6413.722692012787,103601,1778803786.350984,537.0,200.0,-2.0,,,,,,,,,,,,,,,,,,,,,,
95,750,6439.203811407089,106488,1778803811.8321035,553.0,200.0,-2.0,,,,,,,,,,,,,,,,,,,,,,
96,757,6447.992639303207,107488,1778803820.6209314,558.0,200.0,-2.0,,,,,,,,,,,,,,,,,,,,,,
97,762,6450.850407838821,107807,1778803823.4787,562.0,21.0,0.7900000214576721,,,,,,,,,,,,,,,,,,,,,,
98,767,6456.943958759308,108500,1778803829.5722508,,,,0.0003825994790531695,-0.009999999776482582,0.009999999776482582,-0.5768138766288757,3.2178101539611816,,,,,,,,,,,,,,,,,
99,771,6461.460967063904,109007,1778803834.0892591,568.0,200.0,-2.0,,,,,,,,,,,,,,,,,,,,,,
100,774,6465.715535402298,109500,1778803838.3438275,,,,0.0008153197122737765,-0.009999999776482582,0.009999999776482582,-0.5809120535850525,3.204249858856201,,,,,,,,,,,,,,,,,
101,775,6466.597799539566,109607,1778803839.2260916,571.0,200.0,-2.0,,,,,,,,,,,,,,,,,,,,,,
102,788,6519.795213222504,111500,1778803892.4235053,,,,0.00025717489188537,-0.009999999776482582,0.009999999776482582,-0.5888257026672363,3.1916582584381104,,,,,,,,,,,,,,,,,
103,789,6520.431375741959,111585,1778803893.0596678,581.0,200.0,-2.0,,,,,,,,,,,,,,,,,,,,,,
104,797,6530.294584274292,112785,1778803902.9228764,587.0,200.0,-2.0,,,,,,,,,,,,,,,,,,,,,,
105,806,6540.07119679451,114000,1778803912.6994889,,,,0.0002224695053882897,-0.009999999776482582,0.009999999776482582,-0.592686653137207,3.1898467540740967,,,,,,,,,,,,,,,,,
106,815,6550.227758646011,115214,1778803922.8560507,600.0,200.0,-2.0,,,,,,,,,,,,,,,,,,,,,,
107,830,6568.2341866493225,117414,1778803940.8624787,611.0,200.0,-2.0,,,,,,,,,,,,,,,,,,,,,,
108,863,6899.355530977249,121801,1778804271.983823,634.0,200.0,-2.0,,,,,,,,,,,,,,,,,,,,,,
109,865,6901.037340402603,122001,1778804273.6656325,635.0,200.0,-2.0,,,,,,,,,,,,,,,,,,,,,,
110,872,6909.460134983063,123001,1778804282.088427,640.0,200.0,-2.0,,,,,,,,,,,,,,,,,,,,,,
111,876,6914.782395601273,123601,1778804287.4106877,643.0,200.0,-2.0,,,,,,,,,,,,,,,,,,,,,,
112,880,6920.13477396965,124201,1778804292.763066,646.0,200.0,-2.0,,,,,,,,,,,,,,,,,,,,,,
113,894,6935.795352697372,126000,1778804308.4236448,,,,0.00021049614588264376,-0.009999999776482582,0.009999999776482582,-0.6266735792160034,3.1379430294036865,,,,,,,,,,,,,,,,,
114,900,6943.909724473953,126914,1778804316.5380166,661.0,200.0,-2.0,,,,,,,,,,,,,,,,,,,,,,
115,916,6963.237629175186,129114,1778804335.8659213,672.0,200.0,-2.0,,,,,,,,,,,,,,,,,,,,,,
116,922,7008.580242395401,130000,1778804381.2085345,,,,0.00023973366478458047,-0.009999999776482582,0.009999999776482582,-0.6383013725280762,3.1122734546661377,0.0,197.74000549316406,0.0,-1.9573999643325806,37.620689392089844,0.8999999761581421,0.019999999552965164,1.0,,,,,,,,,
117,930,7018.519942998886,131200,1778804391.148235,683.0,200.0,-2.0,,,,,,,,,,,,,,,,,,,,,,
118,932,7020.988510847092,131500,1778804393.616803,,,,0.00018987346265930682,-0.009999999776482582,0.009999999776482582,-0.6449956893920898,3.0937998294830322,,,,,,,,,,,,,,,,,
119,938,7028.051370859146,132336,1778804400.679663,689.0,200.0,-2.0,,,,,,,,,,,,,,,,,,,,,,
120,941,7029.854871034622,132562,1778804402.483163,691.0,200.0,-2.0,,,,,,,,,,,,,,,,,,,,,,
121,942,7031.435421705246,132762,1778804404.0637138,692.0,200.0,-2.0,,,,,,,,,,,,,,,,,,,,,,
122,948,7037.4381947517395,133500,1778804410.0664868,,,,0.00047730281949043274,-0.009999999776482582,0.009999999776482582,-0.6483087539672852,3.094712734222412,,,,,,,,,,,,,,,,,
123,956,7047.022927522659,134663,1778804419.6512196,702.0,200.0,-2.0,,,,,,,,,,,,,,,,,,,,,,
124,965,7057.843981742859,136000,1778804430.4722738,,,,0.0001953319151652977,-0.009999999776482582,0.009999999776482582,-0.6540092825889587,3.0858795642852783,,,,,,,,,,,,,,,,,
125,974,7068.071919202805,137263,1778804440.7002113,715.0,200.0,-2.0,,,,,,,,,,,,,,,,,,,,,,
126,980,7074.59209561348,138059,1778804447.2203877,719.0,200.0,-2.0,,,,,,,,,,,,,,,,,,,,,,
127,981,7075.602178812027,138168,1778804448.230471,720.0,109.0,-0.09000000357627869,,,,,,,,,,,,,,,,,,,,,,
128,985,7080.346845626831,138768,1778804452.9751377,723.0,200.0,-2.0,,,,,,,,,,,,,,,,,,,,,,
129,986,7081.986471414566,138968,1778804454.6147635,724.0,200.0,-2.0,,,,,,,,,,,,,,,,,,,,,,
130,994,7337.163962841034,140000,1778804709.792255,,,,,,,,,,,,,,,,,"{'sha256': '83f56a9b2a0d5ece1fa6467a013374a6516e8ae77f02fa6308995b4c846dca44', 'size': 657589, '_type': 'video-file', 'path': 'media/videos/eval/video_6_83f56a9b2a0d5ece1fa6.mp4'}",,,,,,,,
131,995,7374.263327598572,140000,1778804746.8916197,,,,0.0002901330008171499,-0.009999999776482582,0.009999999776482582,-0.6657810211181641,3.0557219982147217,0.0,197.24000549316406,0.0,-1.9323999881744385,51.82143020629883,0.8399999737739563,0.03999999910593033,2.0,,53.66666793823242,193.10000610351562,-1.8309999704360962,0.10000000149011612,0.0,0.550000011920929,0.0,2.0
132,997,7376.021138429642,140201,1778804748.6494305,731.0,200.0,-2.0,,,,,,,,,,,,,,,,,,,,,,
133,1000,7379.556561231613,140601,1778804752.1848533,733.0,200.0,-2.0,,,,,,,,,,,,,,,,,,,,,,
134,1015,7399.007206201553,142801,1778804771.6354983,744.0,200.0,-2.0,,,,,,,,,,,,,,,,,,,,,,
135,1020,7405.0863564014435,143500,1778804777.7146485,,,,0.00023232385865412652,-0.009999999776482582,0.009999999776482582,-0.6758070588111877,3.036630868911743,,,,,,,,,,,,,,,,,
136,1031,7418.451930522919,145001,1778804791.0802226,755.0,200.0,-2.0,,,,,,,,,,,,,,,,,,,,,,
137,1035,7423.814631462097,145601,1778804796.4429235,758.0,200.0,-2.0,,,,,,,,,,,,,,,,,,,,,,
138,1038,7427.336811304092,146000,1778804799.9651034,,,,0.0003066914505325258,-0.009999999776482582,0.009999999776482582,-0.6790161728858948,3.026679277420044,,,,,,,,,,,,,,,,,
139,1040,7429.801008224487,146261,1778804802.4293003,762.0,200.0,-2.0,,,,,,,,,,,,,,,,,,,,,,
140,1050,7442.210353851318,147661,1778804814.838646,769.0,200.0,-2.0,,,,,,,,,,,,,,,,,,,,,,
141,1053,7445.531224727631,148061,1778804818.1595168,771.0,200.0,-2.0,,,,,,,,,,,,,,,,,,,,,,
142,1058,7452.815371751785,148861,1778804825.4436638,775.0,200.0,-2.0,,,,,,,,,,,,,,,,,,,,,,
143,1082,7519.078758478165,152201,1778804891.7070506,792.0,200.0,-2.0,,,,,,,,,,,,,,,,,,,,,,
144,1083,7520.819289922714,152398,1778804893.447582,793.0,197.0,-0.9700000286102295,,,,,,,,,,,,,,,,,,,,,,
145,1091,7529.805079460144,153500,1778804902.4333715,,,,0.0006366943707689643,-0.009999999776482582,0.009999999776482582,-0.6921856999397278,2.999136447906494,,,,,,,,,,,,,,,,,
146,1093,7532.234621286392,153798,1778804904.8629134,800.0,200.0,-2.0,,,,,,,,,,,,,,,,,,,,,,
147,1103,7543.888111591339,155198,1778804916.5164037,807.0,200.0,-2.0,,,,,,,,,,,,,,,,,,,,,,
148,1106,7547.1259932518005,155598,1778804919.7542853,809.0,200.0,-2.0,,,,,,,,,,,,,,,,,,,,,,
149,1107,7548.7179481983185,155798,1778804921.3462403,810.0,200.0,-2.0,,,,,,,,,,,,,,,,,,,,,,
150,1118,7561.75048327446,157398,1778804934.3787754,818.0,200.0,-2.0,,,,,,,,,,,,,,,,,,,,,,
151,1125,7569.783268690109,158398,1778804942.4115608,823.0,200.0,-2.0,,,,,,,,,,,,,,,,,,,,,,
152,1133,7578.799102544785,159500,1778804951.4273946,,,,0.0001829327957239002,-0.009999999776482582,0.009999999776482582,-0.7001546621322632,2.9839582443237305,,,,,,,,,,,,,,,,,
153,1145,7884.4760110378265,160895,1778805257.1043031,837.0,200.0,-2.0,,,,,,,,,,,,,,,,,,,,,,
154,1164,7908.040550947189,163500,1778805280.668843,,,,0.00047783541958779097,-0.009999999776482582,0.009999999776482582,-0.7085447907447815,2.9637258052825928,,,,,,,,,,,,,,,,,
155,1165,7908.475613355637,163548,1778805281.1039054,851.0,200.0,-2.0,,,,,,,,,,,,,,,,,,,,,,
156,1172,7917.052752256393,164548,1778805289.6810443,856.0,200.0,-2.0,,,,,,,,,,,,,,,,,,,,,,
157,1173,7918.862464189529,164748,1778805291.4907563,857.0,200.0,-2.0,,,,,,,,,,,,,,,,,,,,,,
158,1181,7929.7914979457855,165948,1778805302.41979,863.0,200.0,-2.0,,,,,,,,,,,,,,,,,,,,,,
159,1186,7935.023694753647,166548,1778805307.6519868,866.0,200.0,-2.0,,,,,,,,,,,,,,,,,,,,,,
160,1197,7949.189757108688,168148,1778805321.8180492,874.0,200.0,-2.0,,,,,,,,,,,,,,,,,,,,,,
161,1198,7951.0009253025055,168348,1778805323.6292174,875.0,200.0,-2.0,,,,,,,,,,,,,,,,,,,,,,
162,1213,8002.83113694191,170201,1778805375.459429,886.0,200.0,-2.0,,,,,,,,,,,,,,,,,,,,,,
163,1215,8004.619209527969,170425,1778805377.2475016,888.0,200.0,-2.0,,,,,,,,,,,,,,,,,,,,,,
164,1222,8012.9443073272705,171425,1778805385.5725994,893.0,200.0,-2.0,,,,,,,,,,,,,,,,,,,,,,
165,1226,8016.965525627136,171922,1778805389.5938177,896.0,111.0,-0.10999999940395355,,,,,,,,,,,,,,,,,,,,,,
166,1230,8021.789368152618,172500,1778805394.4176602,,,,0.0004037602338939905,-0.009999999776482582,0.009999999776482582,-0.7236005067825317,2.933151960372925,,,,,,,,,,,,,,,,,
167,1234,8025.930145263672,173000,1778805398.5584373,,,,0.00043767003808170557,-0.009999999776482582,0.009999999776482582,-0.7222887873649597,2.9344332218170166,,,,,,,,,,,,,,,,,
168,1245,8038.260994911194,174522,1778805410.889287,909.0,200.0,-2.0,,,,,,,,,,,,,,,,,,,,,,
169,1254,8050.017788887024,175922,1778805422.646081,916.0,200.0,-2.0,,,,,,,,,,,,,,,,,,,,,,
170,1271,8068.350626468658,178121,1778805440.9789186,928.0,172.0,-0.7200000286102295,,,,,,,,,,,,,,,,,,,,,,
171,1276,8073.82918214798,178794,1778805446.4574742,932.0,200.0,-2.0,,,,,,,,,,,,,,,,,,,,,,
172,1299,8374.901121854782,181500,1778805747.529414,,,,0.00012680576764978468,-0.009999999776482582,0.009999999776482582,-0.7315892577171326,2.9152767658233643,,,,,,,,,,,,,,,,,
173,1339,8423.478834152222,187000,1778805796.1071262,,,,0.0003347229794599116,-0.009999999776482582,0.009999999776482582,-0.7387320399284363,2.895249366760254,,,,,,,,,,,,,,,,,
174,1340,8424.53952217102,187131,1778805797.1678143,978.0,200.0,-2.0,,,,,,,,,,,,,,,,,,,,,,
175,1349,8437.029366493225,188500,1778805809.6576586,,,,0.00024010564084164798,-0.009999999776482582,0.009999999776482582,-0.7407435178756714,2.8863425254821777,,,,,,,,,,,,,,,,,
176,1353,8441.477940559387,189000,1778805814.1062326,,,,0.0003899401053786278,-0.009999999776482582,0.009999999776482582,-0.7396982908248901,2.8880181312561035,,,,,,,,,,,,,,,,,
177,1363,8489.596456766129,190201,1778805862.2247488,995.0,200.0,-2.0,,,,,,,,,,,,,,,,,,,,,,
178,1365,8491.370099067688,190404,1778805863.9983912,997.0,180.0,-0.800000011920929,,,,,,,,,,,,,,,,,,,,,,
179,1370,8496.156522989273,191004,1778805868.784815,1000.0,200.0,-2.0,,,,,,,,,,,,,,,,,,,,,,
180,1380,8508.124831199646,192500,1778805880.7531233,,,,0.00022462834022007883,-0.009999999776482582,0.009999999776482582,-0.7419053912162781,2.8836753368377686,,,,,,,,,,,,,,,,,
181,1381,8508.954716920853,192604,1778805881.583009,1008.0,200.0,-2.0,,,,,,,,,,,,,,,,,,,,,,
182,1388,8516.284932374954,193500,1778805888.9132245,,,,0.0002426524442853406,-0.009999999776482582,0.009999999776482582,-0.7442734241485596,2.8790009021759033,,,,,,,,,,,,,,,,,
183,1389,8517.396080493927,193636,1778805890.0243726,1014.0,200.0,-2.0,,,,,,,,,,,,,,,,,,,,,,
184,1395,8523.220893144608,194346,1778805895.8491852,1019.0,200.0,-2.0,,,,,,,,,,,,,,,,,,,,,,
185,1397,8524.765519618988,194546,1778805897.3938117,1020.0,200.0,-2.0,,,,,,,,,,,,,,,,,,,,,,
186,1399,8528.248952388763,194946,1778805900.8772445,1022.0,200.0,-2.0,,,,,,,,,,,,,,,,,,,,,,
187,1401,8529.898771762848,195146,1778805902.5270638,1023.0,200.0,-2.0,,,,,,,,,,,,,,,,,,,,,,
188,1405,8533.298793792725,195579,1778805905.9270859,1026.0,200.0,-2.0,,,,,,,,,,,,,,,,,,,,,,
189,1425,8556.499205589294,198415,1778805929.1274977,1041.0,200.0,-2.0,,,,,,,,,,,,,,,,,,,,,,
190,1426,8557.141695261002,198500,1778805929.7699873,,,,0.0004244412702973932,-0.009999999776482582,0.009999999776482582,-0.7470790147781372,2.8735947608947754,,,,,,,,,,,,,,,,,
191,1432,8563.306876659393,199263,1778805935.9351687,1046.0,200.0,-2.0,,,,,,,,,,,,,,,,,,,,,,
192,1433,8564.940806150436,199463,1778805937.5690982,1047.0,200.0,-2.0,,,,,,,,,,,,,,,,,,,,,,
193,1447,8849.453665733337,201201,1778806222.0819578,1056.0,200.0,-2.0,,,,,,,,,,,,,,,,,,,,,,
194,1452,8855.598466396332,201894,1778806228.2267585,1060.0,200.0,-2.0,,,,,,,,,,,,,,,,,,,,,,
195,1455,8857.710610866547,202116,1778806230.338903,1062.0,200.0,-2.0,,,,,,,,,,,,,,,,,,,,,,
196,1456,8859.410128831863,202316,1778806232.038421,1063.0,200.0,-2.0,,,,,,,,,,,,,,,,,,,,,,
197,1457,8860.645322084427,202450,1778806233.2736142,1064.0,134.0,-0.3400000035762787,,,,,,,,,,,,,,,,,,,,,,
198,1461,8864.793469190598,202908,1778806237.4217613,1067.0,200.0,-2.0,,,,,,,,,,,,,,,,,,,,,,
199,1488,8896.701300144196,206500,1778806269.3295922,,,,0.0002746042446233332,-0.009999999776482582,0.009999999776482582,-0.7519890069961548,2.861865282058716,,,,,,,,,,,,,,,,,
200,1514,8928.177337646484,209990,1778806300.8056297,1106.0,67.0,0.33000001311302185,,,,,,,,,,,,,,,,,,,,,,
201,1516,8966.877928733826,210001,1778806339.5062208,1107.0,11.0,-0.10999999940395355,,,,,,,,,,,,,,,,,,,,,,
202,1519,8971.313153743744,210500,1778806343.9414458,,,,0.00021700901561416686,-0.009999999776482582,0.009999999776482582,-0.7549008131027222,2.8551154136657715,,,,,,,,,,,,,,,,,
203,1521,8973.688075304031,210801,1778806346.3163674,1111.0,200.0,-2.0,,,,,,,,,,,,,,,,,,,,,,
204,1522,8975.312395572662,211000,1778806347.9406877,,,,0.000769825535826385,-0.009999999776482582,0.009999999776482582,-0.7552060484886169,2.8532888889312744,,,,,,,,,,,,,,,,,
205,1523,8975.314396381378,211001,1778806347.9426885,1112.0,200.0,-2.0,,,,,,,,,,,,,,,,,,,,,,
206,1524,8977.03441119194,211201,1778806349.6627033,1113.0,200.0,-2.0,,,,,,,,,,,,,,,,,,,,,,
207,1525,8978.663576602936,211401,1778806351.2918687,1114.0,200.0,-2.0,,,,,,,,,,,,,,,,,,,,,,
208,1527,8980.381519556046,211601,1778806353.0098116,1115.0,200.0,-2.0,,,,,,,,,,,,,,,,,,,,,,
209,1529,8983.819858789444,212000,1778806356.4481509,,,,0.0005679361056536436,-0.009999999776482582,0.009999999776482582,-0.756496012210846,2.8529484272003174,,,,,,,,,,,,,,,,,
210,1534,8988.760762929916,212601,1778806361.389055,1120.0,200.0,-2.0,,,,,,,,,,,,,,,,,,,,,,
211,1536,8992.23746585846,213000,1778806364.865758,,,,,,0.009999999776482582,-0.7561696767807007,,,,,,,,,,,,,,,,,,
212,1543,9000.590328216553,214000,1778806373.2186203,,,,0.0002906177251134068,-0.009999999776482582,0.009999999776482582,-0.754357635974884,2.852290391921997,,,,,,,,,,,,,,,,,
213,1545,9002.32992219925,214201,1778806374.9582143,1128.0,200.0,-2.0,,,,,,,,,,,,,,,,,,,,,,
214,1546,9003.957542419434,214401,1778806376.5858345,1129.0,200.0,-2.0,,,,,,,,,,,,,,,,,,,,,,
215,1558,9017.067261219025,216000,1778806389.6955533,,,,0.00019432345288805664,-0.009999999776482582,0.009999999776482582,-0.7578080892562866,2.839841365814209,,,,,,,,,,,,,,,,,
216,1559,9017.736397266388,216071,1778806390.3646894,1138.0,200.0,-2.0,,,,,,,,,,,,,,,,,,,,,,
217,1563,9022.759407997131,216671,1778806395.3877,1141.0,200.0,-2.0,,,,,,,,,,,,,,,,,,,,,,
218,1566,9026.054573774338,217071,1778806398.6828659,1143.0,200.0,-2.0,,,,,,,,,,,,,,,,,,,,,,
219,1570,9031.003719329834,217671,1778806403.6320114,1146.0,200.0,-2.0,,,,,,,,,,,,,,,,,,,,,,
220,1571,9032.61295223236,217871,1778806405.2412443,1147.0,200.0,-2.0,,,,,,,,,,,,,,,,,,,,,,
221,1588,9293.254129648209,220000,1778806665.8824217,,,,,,,,,,,,,,,,,"{'sha256': 'eb68dd2ad2ce87a46bfa29dc80d14f13e2ed5f67e65c911854b9f9d4ee8760d9', 'size': 831506, '_type': 'video-file', 'path': 'media/videos/eval/video_10_eb68dd2ad2ce87a46bfa.mp4'}",,,,,,,,
222,1589,9329.810962677002,220000,1778806702.4392548,,,,0.00017229575314559042,-0.009999999776482582,0.009999999776482582,-0.7580395340919495,2.8415887355804443,0.0,189.89999389648438,0.0,-1.7790000438690186,50.05555725097656,1.0199999809265137,0.11999999731779099,6.0,,76.57142639160156,190.1999969482422,-1.7519999742507935,0.15000000596046448,0.0,1.149999976158142,0.0,3.0
223,1597,9338.870045900345,221001,1778806711.498338,1165.0,200.0,-2.0,,,,,,,,,,,,,,,,,,,,,,
224,1607,9351.475286483765,222450,1778806724.1035786,1173.0,49.0,0.5099999904632568,,,,,,,,,,,,,,,,,,,,,,
225,1609,9353.187752246857,222650,1778806725.8160443,1174.0,200.0,-2.0,,,,,,,,,,,,,,,,,,,,,,
226,1610,9354.974685907364,222850,1778806727.602978,1175.0,200.0,-2.0,,,,,,,,,,,,,,,,,,,,,,
227,1612,9356.630488395691,223050,1778806729.2587805,1176.0,200.0,-2.0,,,,,,,,,,,,,,,,,,,,,,
228,1626,9373.323063373566,224946,1778806745.9513555,1187.0,144.0,-0.4399999976158142,,,,,,,,,,,,,,,,,,,,,,
229,1638,9387.733718633652,226546,1778806760.3620107,1195.0,200.0,-2.0,,,,,,,,,,,,,,,,,,,,,,
230,1648,9398.824928760529,227797,1778806771.4532208,1203.0,200.0,-2.0,,,,,,,,,,,,,,,,,,,,,,
231,1653,9404.83104634285,228500,1778806777.4593384,,,,0.00015393085777759552,-0.009999999776482582,0.009999999776482582,-0.7671841382980347,2.809617757797241,,,,,,,,,,,,,,,,,
232,1656,9409.124878644943,228997,1778806781.7531707,1209.0,200.0,-2.0,,,,,,,,,,,,,,,,,,,,,,
233,1687,9480.590410470963,233201,1778806853.2187026,1231.0,200.0,-2.0,,,,,,,,,,,,,,,,,,,,,,
234,1706,9503.382831573486,236000,1778806876.0111237,,,,0.00020280765602365136,-0.009999999776482582,0.009999999776482582,-0.7704783082008362,2.7977547645568848,,,,,,,,,,,,,,,,,
235,1732,9531.587314367294,239446,1778806904.2156065,1264.0,200.0,-2.0,,,,,,,,,,,,,,,,,,,,,,
236,1745,9825.669991970062,240915,1778807198.298284,1273.0,200.0,-2.0,,,,,,,,,,,,,,,,,,,,,,
237,1753,9834.969509601593,242000,1778807207.5978017,,,,0.0002851950121112168,-0.009999999776482582,0.009999999776482582,-0.7759606838226318,2.769648551940918,,,,,,,,,,,,,,,,,
238,1754,9835.92039346695,242115,1778807208.5486856,1279.0,200.0,-2.0,,,,,,,,,,,,,,,,,,,,,,
239,1762,9846.490488767624,243315,1778807219.1187809,1285.0,200.0,-2.0,,,,,,,,,,,,,,,,,,,,,,
240,1765,9850.013497591019,243715,1778807222.6417897,1287.0,200.0,-2.0,,,,,,,,,,,,,,,,,,,,,,
241,1768,9853.416921138763,244115,1778807226.0452132,1289.0,200.0,-2.0,,,,,,,,,,,,,,,,,,,,,,
242,1770,9856.80435204506,244500,1778807229.4326441,,,,0.0002066506422124803,-0.009999999776482582,0.009999999776482582,-0.7772430181503296,2.7669003009796143,,,,,,,,,,,,,,,,,
243,1773,9860.25387430191,244915,1778807232.8821664,1293.0,200.0,-2.0,,,,,,,,,,,,,,,,,,,,,,
244,1777,9865.27737903595,245500,1778807237.9056711,,,,0.00040925556095317006,-0.009999999776482582,0.009999999776482582,-0.7814435362815857,2.752289056777954,,,,,,,,,,,,,,,,,
245,1789,9878.60813331604,247000,1778807251.2364254,,,,0.00041215421515516937,-0.009999999776482582,0.009999999776482582,-0.7815948128700256,2.747281074523926,,,,,,,,,,,,,,,,,
246,1805,9897.047091245651,249097,1778807269.6753833,1316.0,200.0,-2.0,,,,,,,,,,,,,,,,,,,,,,
247,1818,9946.310465335846,250636,1778807318.9387574,1326.0,200.0,-2.0,,,,,,,,,,,,,,,,,,,,,,
248,1819,9947.947274923325,250836,1778807320.575567,1327.0,200.0,-2.0,,,,,,,,,,,,,,,,,,,,,,
249,1823,9952.855658054352,251436,1778807325.4839501,1330.0,200.0,-2.0,,,,,,,,,,,,,,,,,,,,,,
250,1851,9982.745222091675,255056,1778807355.3735142,1350.0,200.0,-2.0,,,,,,,,,,,,,,,,,,,,,,
251,1856,9988.786123275757,255774,1778807361.4144154,1354.0,200.0,-2.0,,,,,,,,,,,,,,,,,,,,,,
252,1868,10002.963596343994,257500,1778807375.5918884,,,,0.00041028845589607954,-0.009999999776482582,0.009999999776482582,-0.7849920988082886,2.728101968765259,,,,,,,,,,,,,,,,,
253,1873,10008.554689407349,258174,1778807381.1829815,1366.0,200.0,-2.0,,,,,,,,,,,,,,,,,,,,,,
254,1876,10012.01142001152,258574,1778807384.639712,1368.0,200.0,-2.0,,,,,,,,,,,,,,,,,,,,,,
255,1877,10013.145406246185,258712,1778807385.7736983,1369.0,138.0,-0.3799999952316284,,,,,,,,,,,,,,,,,,,,,,
256,1886,10270.390618562698,260000,1778807643.0189106,,,,,,,,,,,,,,,,,"{'size': 669299, '_type': 'video-file', 'path': 'media/videos/eval/video_12_28db122e507e0c89e375.mp4', 'sha256': '28db122e507e0c89e37589df33862d98d619079139cc5a2656067bb76b9dbf40'}",,,,,,,,
257,1895,10315.034315824509,261000,1778807687.662608,,,,0.0002689123502932489,-0.009999999776482582,0.009999999776482582,-0.7860860228538513,2.722684621810913,,,,,,,,,,,,,,,,,
258,1903,10325.002328395844,262147,1778807697.6306205,1387.0,200.0,-2.0,,,,,,,,,,,,,,,,,,,,,,
259,1906,10328.36570930481,262547,1778807700.9940014,1389.0,200.0,-2.0,,,,,,,,,,,,,,,,,,,,,,
260,1918,10343.761144638062,264347,1778807716.3894367,1398.0,200.0,-2.0,,,,,,,,,,,,,,,,,,,,,,
261,1920,10345.453029632568,264547,1778807718.0813217,1399.0,200.0,-2.0,,,,,,,,,,,,,,,,,,,,,,
262,1930,10358.051043748856,266000,1778807730.6793358,,,,0.00021357511286623776,-0.009999999776482582,0.009999999776482582,-0.7890743613243103,2.6991593837738037,,,,,,,,,,,,,,,,,
263,1945,10377.0042989254,268147,1778807749.632591,1417.0,200.0,-2.0,,,,,,,,,,,,,,,,,,,,,,
264,1950,10383.299402475357,268890,1778807755.9276946,1421.0,200.0,-2.0,,,,,,,,,,,,,,,,,,,,,,
265,1959,10431.928658008575,270001,1778807804.55695,1427.0,111.0,-1.1100000143051147,,,,,,,,,,,,,,,,,,,,,,
266,1971,10447.196863651276,271801,1778807819.8251557,1436.0,200.0,-2.0,,,,,,,,,,,,,,,,,,,,,,
267,1973,10448.83156132698,272001,1778807821.4598534,1437.0,200.0,-2.0,,,,,,,,,,,,,,,,,,,,,,
268,1985,10463.821947097778,273801,1778807836.4502392,1446.0,200.0,-2.0,,,,,,,,,,,,,,,,,,,,,,
269,1991,10470.550254821777,274601,1778807843.178547,1450.0,200.0,-2.0,,,,,,,,,,,,,,,,,,,,,,
270,2001,10482.299298763275,276001,1778807854.9275908,1457.0,200.0,-2.0,,,,,,,,,,,,,,,,,,,,,,
271,2002,10483.898852348328,276201,1778807856.5271444,1458.0,200.0,-2.0,,,,,,,,,,,,,,,,,,,,,,
272,2007,10489.85526919365,276898,1778807862.4835613,1462.0,97.0,0.029999999329447746,,,,,,,,,,,,,,,,,,,,,,
273,2016,10499.282493114471,278036,1778807871.9107852,1468.0,200.0,-2.0,,,,,,,,,,,,,,,,,,,,,,
274,2019,10502.967448472977,278500,1778807875.5957406,,,,0.00018985732458531857,-0.009999999776482582,0.009999999776482582,-0.79552161693573,2.667253017425537,,,,,,,,,,,,,,,,,
275,2024,10508.990705013275,279236,1778807881.618997,1474.0,200.0,-2.0,,,,,,,,,,,,,,,,,,,,,,
276,2027,10512.162497997284,279636,1778807884.79079,1476.0,200.0,-2.0,,,,,,,,,,,,,,,,,,,,,,
277,2029,10763.067945480347,280000,1778808135.6962376,,,,,,,,,,,,,,,,,"{'_type': 'video-file', 'path': 'media/videos/eval/video_13_b47aa302bbe2d85c3c47.mp4', 'sha256': 'b47aa302bbe2d85c3c47f5c594e0ab09bc55725ccb507a2c0c61ab23f80cf941', 'size': 725425}",,,,,,,,
278,2034,10803.480556726456,280439,1778808176.1088488,1481.0,38.0,0.6200000047683716,,,,,,,,,,,,,,,,,,,,,,
279,2045,10816.77109503746,282000,1778808189.3993871,,,,0.0005188361974433064,-0.009999999776482582,0.009999999776482582,-0.7985900044441223,2.65701961517334,,,,,,,,,,,,,,,,,
280,2051,10824.013140201569,282831,1778808196.6414323,1493.0,200.0,-2.0,,,,,,,,,,,,,,,,,,,,,,
281,2052,10825.455080270767,283000,1778808198.0833724,,,,0.00018960447050631046,-0.009999999776482582,0.009999999776482582,-0.7987735867500305,2.6462206840515137,,,,,,,,,,,,,,,,,
282,2054,10827.477546453476,283231,1778808200.1058385,1495.0,200.0,-2.0,,,,,,,,,,,,,,,,,,,,,,
283,2065,10840.37481880188,284706,1778808213.003111,1503.0,75.0,0.25,,,,,,,,,,,,,,,,,,,,,,
284,2070,10847.124136924744,285500,1778808219.752429,,,,0.00014498195378109813,-0.009999999776482582,0.009999999776482582,-0.8019841313362122,2.6260392665863037,,,,,,,,,,,,,,,,,
285,2076,10852.633468389511,286126,1778808225.2617605,1511.0,200.0,-2.0,,,,,,,,,,,,,,,,,,,,,,
286,2093,10873.17615866661,288500,1778808245.8044508,,,,0.00033746755798347294,-0.009999999776482582,0.009999999776482582,-0.803229033946991,2.624445915222168,,,,,,,,,,,,,,,,,
287,2094,10873.702336549759,288555,1778808246.3306286,1524.0,200.0,-2.0,,,,,,,,,,,,,,,,,,,,,,
288,2117,10936.844153404236,291801,1778808309.4724455,1541.0,200.0,-2.0,,,,,,,,,,,,,,,,,,,,,,
289,2141,10964.663913726807,295201,1778808337.2922058,1558.0,200.0,-2.0,,,,,,,,,,,,,,,,,,,,,,
290,2146,10971.054273366928,296000,1778808343.6825655,,,,0.00015105555939953774,-0.009999999776482582,0.009999999776482582,-0.8005663156509399,2.633643627166748,,,,,,,,,,,,,,,,,
291,2147,10971.070322751999,296001,1778808343.6986148,1562.0,200.0,-2.0,,,,,,,,,,,,,,,,,,,,,,
292,2148,10972.753812551498,296201,1778808345.3821046,1563.0,200.0,-2.0,,,,,,,,,,,,,,,,,,,,,,
293,2155,10980.726496696472,297201,1778808353.3547888,1568.0,200.0,-2.0,,,,,,,,,,,,,,,,,,,,,,
294,2164,10990.446125507355,298412,1778808363.0744176,1575.0,151.0,-0.5099999904632568,,,,,,,,,,,,,,,,,,,,,,
295,2172,10999.356525659561,299500,1778808371.9848177,,,,0.00015466220793314278,-0.009999999776482582,0.009999999776482582,-0.801257312297821,2.614046573638916,,,,,,,,,,,,,,,,,
296,2185,11274.283043384552,301001,1778808646.9113355,1589.0,200.0,-2.0,,,,,,,,,,,,,,,,,,,,,,
297,2189,11278.524258613586,301500,1778808651.1525507,,,,0.001122529385611415,-0.009999999776482582,0.009999999776482582,-0.8030609488487244,2.6159722805023193,,,,,,,,,,,,,,,,,
298,2192,11282.967041015625,302000,1778808655.595333,,,,0.0021577435545623302,-0.009999999776482582,0.009999999776482582,-0.8022463917732239,2.616044282913208,,,,,,,,,,,,,,,,,
299,2197,11288.733732938766,302660,1778808661.362025,1598.0,200.0,-2.0,,,,,,,,,,,,,,,,,,,,,,
300,2198,11290.54710817337,302860,1778808663.1754003,1599.0,200.0,-2.0,,,,,,,,,,,,,,,,,,,,,,
301,2199,11291.76681303978,303000,1778808664.3951051,,,,0.000652394606731832,-0.009023437276482582,0.009999999776482582,-0.8058632612228394,2.606086254119873,,,,,,,,,,,,,,,,,
302,2211,11304.508066177368,304500,1778808677.1363583,,,,0.0003857152769342065,-0.009999999776482582,0.009999999776482582,-0.8006352186203003,2.6252567768096924,,,,,,,,,,,,,,,,,
303,2212,11304.93243932724,304543,1778808677.5607314,1609.0,47.0,0.5299999713897705,,,,,,,,,,,,,,,,,,,,,,
304,2214,11308.474167346954,304943,1778808681.1024594,1611.0,200.0,-2.0,,,,,,,,,,,,,,,,,,,,,,
305,2220,11315.213644504547,305743,1778808687.8419366,1615.0,200.0,-2.0,,,,,,,,,,,,,,,,,,,,,,
306,2223,11318.70918059349,306143,1778808691.3374727,1617.0,200.0,-2.0,,,,,,,,,,,,,,,,,,,,,,
307,2225,11321.902549505234,306500,1778808694.5308416,,,,0.00021527221542783082,-0.009023437276482582,0.009999999776482582,-0.7975107431411743,2.6340537071228027,,,,,,,,,,,,,,,,,
308,2226,11322.224454402924,306543,1778808694.8527465,1619.0,200.0,-2.0,,,,,,,,,,,,,,,,,,,,,,
309,2227,11323.914266347885,306743,1778808696.5425584,1620.0,200.0,-2.0,,,,,,,,,,,,,,,,,,,,,,
310,2231,11329.053702116013,307343,1778808701.6819942,1623.0,200.0,-2.0,,,,,,,,,,,,,,,,,,,,,,
311,2235,11334.177306175232,307943,1778808706.8055983,1626.0,200.0,-2.0,,,,,,,,,,,,,,,,,,,,,,
312,2241,11341.246463060379,308743,1778808713.8747551,1630.0,200.0,-2.0,,,,,,,,,,,,,,,,,,,,,,
313,2248,11350.071347236633,309743,1778808722.6996393,1635.0,200.0,-2.0,,,,,,,,,,,,,,,,,,,,,,
314,2250,11389.203894138336,310000,1778808761.8321862,,,,0.0006226254627108574,-0.009999999776482582,0.009999999776482582,-0.8004091382026672,2.6273183822631836,0.0,189.97999572753906,0.0,-1.8398000001907349,29.45945930480957,0.8600000143051147,0.05999999865889549,3.0,,,,,,,,,
315,2253,11391.907248735428,310333,1778808764.5355408,1639.0,132.0,-0.3199999928474426,,,,,,,,,,,,,,,,,,,,,,
316,2260,11400.143783092499,311333,1778808772.7720752,1644.0,200.0,-2.0,,,,,,,,,,,,,,,,,,,,,,
317,2272,11413.073187589645,312927,1778808785.7014797,1653.0,200.0,-2.0,,,,,,,,,,,,,,,,,,,,,,
318,2274,11414.685739517212,313127,1778808787.3140316,1654.0,200.0,-2.0,,,,,,,,,,,,,,,,,,,,,,
319,2280,11421.384167432785,313976,1778808794.0124595,1659.0,49.0,0.5099999904632568,,,,,,,,,,,,,,,,,,,,,,
320,2282,11423.042561769485,314176,1778808795.6708539,1660.0,200.0,-2.0,,,,,,,,,,,,,,,,,,,,,,
321,2295,11437.69726395607,315982,1778808810.325556,1670.0,162.0,-0.6200000047683716,,,,,,,,,,,,,,,,,,,,,,
322,2298,11440.896455526352,316382,1778808813.5247476,1672.0,200.0,-2.0,,,,,,,,,,,,,,,,,,,,,,
323,2310,11454.386788129807,318000,1778808827.0150802,,,,0.00031414127442985773,-0.009999999776482582,0.009999999776482582,-0.8016353249549866,2.6034417152404785,,,,,,,,,,,,,,,,,
324,2312,11457.432880878448,318382,1778808830.061173,1682.0,200.0,-2.0,,,,,,,,,,,,,,,,,,,,,,
325,2318,11463.821857213974,319182,1778808836.4501493,1686.0,200.0,-2.0,,,,,,,,,,,,,,,,,,,,,,
326,2322,11468.736047029495,319782,1778808841.364339,1689.0,200.0,-2.0,,,,,,,,,,,,,,,,,,,,,,
327,2323,11468.975583314896,319813,1778808841.6038754,1690.0,31.0,0.6899999976158142,,,,,,,,,,,,,,,,,,,,,,
328,2324,11715.121130466461,320000,1778809087.7494226,,,,,,,,,,,,,,,,,"{'size': 668396, '_type': 'video-file', 'path': 'media/videos/eval/video_15_23cf232d641d6ac76c4d.mp4', 'sha256': '23cf232d641d6ac76c4de4b420b709a1ac6f2e78166cca834e4cafa25debff07'}",,,,,,,,
329,2329,11756.360378026962,320500,1778809128.98867,,,,0.0002500734990462661,-0.009999999776482582,0.009999999776482582,-0.8040878176689148,2.5960564613342285,,,,,,,,,,,,,,,,,
330,2330,11757.249232292175,320601,1778809129.8775244,1694.0,200.0,-2.0,,,,,,,,,,,,,,,,,,,,,,
331,2339,11767.725147247314,321820,1778809140.3534393,1701.0,200.0,-2.0,,,,,,,,,,,,,,,,,,,,,,
332,2343,11772.748882770538,322420,1778809145.3771749,1704.0,200.0,-2.0,,,,,,,,,,,,,,,,,,,,,,
333,2348,11777.912520170212,323000,1778809150.5408123,,,,0.00016883728676475585,-0.009999999776482582,0.009999999776482582,-0.8076096177101135,2.5823161602020264,,,,,,,,,,,,,,,,,
334,2354,11786.195670127869,323993,1778809158.8239622,1712.0,200.0,-2.0,,,,,,,,,,,,,,,,,,,,,,
335,2363,11795.133604764938,325031,1778809167.7618968,1718.0,200.0,-2.0,,,,,,,,,,,,,,,,,,,,,,
336,2386,11823.745940208435,328274,1778809196.3742323,1735.0,200.0,-2.0,,,,,,,,,,,,,,,,,,,,,,
337,2389,11825.926495552063,328537,1778809198.5547876,1737.0,200.0,-2.0,,,,,,,,,,,,,,,,,,,,,,
338,2394,11832.765270233154,329337,1778809205.3935623,1741.0,200.0,-2.0,,,,,,,,,,,,,,,,,,,,,,
339,2409,11886.245901823044,331225,1778809258.874194,1752.0,200.0,-2.0,,,,,,,,,,,,,,,,,,,,,,
340,2426,11906.22671532631,333625,1778809278.8550074,1764.0,200.0,-2.0,,,,,,,,,,,,,,,,,,,,,,
341,2430,11909.713205099106,334047,1778809282.3414972,1767.0,200.0,-2.0,,,,,,,,,,,,,,,,,,,,,,
342,2449,11932.809225320816,336847,1778809305.4375174,1781.0,200.0,-2.0,,,,,,,,,,,,,,,,,,,,,,
343,2457,11942.328567743301,338000,1778809314.9568598,,,,0.0002126255421899259,-0.009999999776482582,0.009999999776482582,-0.8094752430915833,2.5495316982269287,,,,,,,,,,,,,,,,,
344,2465,11950.93045592308,339047,1778809323.558748,1792.0,200.0,-2.0,,,,,,,,,,,,,,,,,,,,,,
345,2474,12241.020240306854,340032,1778809613.6485324,1798.0,31.0,0.6899999976158142,,,,,,,,,,,,,,,,,,,,,,
346,2484,12253.564743041992,341500,1778809626.1930351,,,,0.000309416966047138,-0.009999999776482582,0.009999999776482582,-0.8086310029029846,2.5435938835144043,,,,,,,,,,,,,,,,,
347,2491,12262.312230825424,342500,1778809634.940523,,,,0.0017689879750832915,-0.009999999776482582,0.009999999776482582,-0.8073175549507141,2.553286552429199,,,,,,,,,,,,,,,,,
348,2493,12265.088745832443,342804,1778809637.717038,1812.0,200.0,-2.0,,,,,,,,,,,,,,,,,,,,,,
349,2500,12273.746275663376,343804,1778809646.3745677,1817.0,200.0,-2.0,,,,,,,,,,,,,,,,,,,,,,
350,2506,12279.794422626495,344500,1778809652.4227147,,,,0.000426271726610139,-0.009999999776482582,0.009999999776482582,-0.809752345085144,2.544532299041748,,,,,,,,,,,,,,,,,
351,2511,12286.139456033707,345244,1778809658.767748,1825.0,200.0,-2.0,,,,,,,,,,,,,,,,,,,,,,
352,2514,12289.718006134033,345644,1778809662.3462982,1827.0,200.0,-2.0,,,,,,,,,,,,,,,,,,,,,,
353,2515,12291.354966402054,345844,1778809663.9832585,1828.0,200.0,-2.0,,,,,,,,,,,,,,,,,,,,,,
354,2520,12297.146575212479,346500,1778809669.7748673,,,,0.00018876208923757076,-0.009999999776482582,0.009999999776482582,-0.809346616268158,2.5413758754730225,,,,,,,,,,,,,,,,,
355,2530,12310.097522258759,347959,1778809682.7258143,1839.0,200.0,-2.0,,,,,,,,,,,,,,,,,,,,,,
356,2533,12313.437360286713,348359,1778809686.0656524,1841.0,200.0,-2.0,,,,,,,,,,,,,,,,,,,,,,
357,2540,12322.306953430176,349359,1778809694.9352455,1846.0,200.0,-2.0,,,,,,,,,,,,,,,,,,,,,,
358,2547,12366.31114435196,350201,1778809738.9394364,1851.0,200.0,-2.0,,,,,,,,,,,,,,,,,,,,,,
359,2557,12377.650735616684,351601,1778809750.2790277,1858.0,200.0,-2.0,,,,,,,,,,,,,,,,,,,,,,
360,2570,12393.240936756134,353500,1778809765.8692288,,,,0.00016280863201245666,-0.009999999776482582,0.009999999776482582,-0.8128557801246643,2.5171241760253906,,,,,,,,,,,,,,,,,
361,2571,12393.435149908066,353525,1778809766.063442,1868.0,200.0,-2.0,,,,,,,,,,,,,,,,,,,,,,
362,2576,12399.987341403961,354325,1778809772.6156335,1872.0,200.0,-2.0,,,,,,,,,,,,,,,,,,,,,,
363,2577,12401.40924334526,354500,1778809774.0375354,,,,0.0005206214264035225,-0.009999999776482582,0.009999999776482582,-0.8136721849441528,2.517655611038208,,,,,,,,,,,,,,,,,
364,2608,12436.149007558823,358756,1778809808.7772996,1895.0,163.0,-0.6299999952316284,,,,,,,,,,,,,,,,,,,,,,
365,2610,12438.158322095871,359000,1778809810.7866142,,,,0.0002654050476849079,-0.009999999776482582,0.009999999776482582,-0.8131588697433472,2.52249813079834,,,,,,,,,,,,,,,,,
366,2630,12755.554564476013,361601,1778810128.1828566,1910.0,200.0,-2.0,,,,,,,,,,,,,,,,,,,,,,
367,2636,12762.744319915771,362424,1778810135.372612,1915.0,23.0,0.7699999809265137,,,,,,,,,,,,,,,,,,,,,,
368,2646,12771.863905191422,363500,1778810144.4921973,,,,0.0004351787210907787,-0.009999999776482582,0.009999999776482582,-0.8163369297981262,2.485342502593994,,,,,,,,,,,,,,,,,
369,2647,12773.475722312927,363680,1778810146.1040144,1923.0,200.0,-2.0,,,,,,,,,,,,,,,,,,,,,,
370,2648,12775.146323919296,363880,1778810147.774616,1924.0,200.0,-2.0,,,,,,,,,,,,,,,,,,,,,,
371,2649,12776.318608283997,364000,1778810148.9469004,,,,0.0003151977143716067,-0.009999999776482582,0.009999999776482582,-0.8164792656898499,2.4910495281219482,,,,,,,,,,,,,,,,,
372,2651,12778.645374774933,364280,1778810151.2736669,1926.0,200.0,-2.0,,,,,,,,,,,,,,,,,,,,,,
373,2668,12797.82104420662,366500,1778810170.4493363,,,,0.0003460329899098724,-0.009999999776482582,0.009999999776482582,-0.8146425485610962,2.4824466705322266,,,,,,,,,,,,,,,,,
374,2673,12803.174704790115,367141,1778810175.8029969,1942.0,200.0,-2.0,,,,,,,,,,,,,,,,,,,,,,
375,2676,12806.488051652908,367541,1778810179.1163437,1944.0,200.0,-2.0,,,,,,,,,,,,,,,,,,,,,,
376,2683,12814.763858556747,368500,1778810187.3921506,,,,0.0003070553648285568,-0.009999999776482582,0.009999999776482582,-0.8155621290206909,2.4865963459014893,,,,,,,,,,,,,,,,,
377,2686,12818.747769832611,368966,1778810191.376062,1952.0,200.0,-2.0,,,,,,,,,,,,,,,,,,,,,,
378,2687,12819.03340268135,369000,1778810191.6616948,,,,0.00044779543532058597,-0.009999999776482582,0.009999999776482582,-0.8165714144706726,2.488562822341919,,,,,,,,,,,,,,,,,
379,2689,12822.100352525711,369366,1778810194.7286446,1954.0,200.0,-2.0,,,,,,,,,,,,,,,,,,,,,,
380,2692,12825.607084274292,369766,1778810198.2353764,1956.0,200.0,-2.0,,,,,,,,,,,,,,,,,,,,,,
381,2732,12903.136750459671,375000,1778810275.7650425,,,,0.0005895228823646903,-0.009999999776482582,0.009999999776482582,-0.8167942762374878,2.4849612712860107,,,,,,,,,,,,,,,,,
382,2736,12907.941052675247,375583,1778810280.5693448,1988.0,200.0,-2.0,,,,,,,,,,,,,,,,,,,,,,
383,2745,12917.962106227875,376817,1778810290.5903983,1995.0,34.0,0.6600000262260437,,,,,,,,,,,,,,,,,,,,,,
384,2752,12926.08780837059,377799,1778810298.7161005,2000.0,182.0,-0.8199999928474426,,,,,,,,,,,,,,,,,,,,,,
385,2757,12931.861250400543,378500,1778810304.4895425,,,,0.00019030776456929743,-0.009999999776482582,0.009999999776482582,-0.8160369396209717,2.482546329498291,,,,,,,,,,,,,,,,,
386,2760,12935.849819898605,378999,1778810308.478112,2006.0,200.0,-2.0,,,,,,,,,,,,,,,,,,,,,,
387,2772,13225.519177913666,380401,1778810598.14747,2014.0,200.0,-2.0,,,,,,,,,,,,,,,,,,,,,,
388,2782,13236.054060220718,381643,1778810608.6823523,2021.0,200.0,-2.0,,,,,,,,,,,,,,,,,,,,,,
389,2783,13237.741423606873,381843,1778810610.3697157,2022.0,200.0,-2.0,,,,,,,,,,,,,,,,,,,,,,
390,2793,13248.872653007507,383173,1778810621.500945,2029.0,200.0,-2.0,,,,,,,,,,,,,,,,,,,,,,
391,2802,13259.697299003601,384426,1778810632.325591,2036.0,200.0,-2.0,,,,,,,,,,,,,,,,,,,,,,
392,2816,13276.951408147812,386426,1778810649.5797002,2046.0,200.0,-2.0,,,,,,,,,,,,,,,,,,,,,,
393,2824,13285.982852935791,387500,1778810658.611145,,,,0.0006668330170214176,-0.009999999776482582,0.009999999776482582,-0.8201878666877747,2.4597699642181396,,,,,,,,,,,,,,,,,
394,2843,13343.730612754822,390000,1778810716.3589048,,,,0.0003638835623860359,-0.009999999776482582,0.009999999776482582,-0.8197535276412964,2.451061248779297,0.0,196.63999938964844,0.0,-1.9464000463485718,23.83333396911621,0.47999998927116394,0.019999999552965164,1.0,,,,,,,,,
395,2856,13358.845277309418,391801,1778810731.4735694,2075.0,200.0,-2.0,,,,,,,,,,,,,,,,,,,,,,
396,2857,13360.468415021896,392000,1778810733.096707,,,,0.00017006143752951175,-0.009999999776482582,0.009999999776482582,-0.8218122720718384,2.4483673572540283,,,,,,,,,,,,,,,,,
397,2872,13377.316269159317,393984,1778810749.9445612,2087.0,138.0,-0.3799999952316284,,,,,,,,,,,,,,,,,,,,,,
398,2882,13388.983793497086,395384,1778810761.6120856,2094.0,200.0,-2.0,,,,,,,,,,,,,,,,,,,,,,
399,2890,13398.237551689148,396500,1778810770.8658438,,,,0.00045660982141271234,-0.009999999776482582,0.009999999776482582,-0.821273684501648,2.447741985321045,,,,,,,,,,,,,,,,,
400,2907,13417.87989449501,398864,1778810790.5081866,2112.0,200.0,-2.0,,,,,,,,,,,,,,,,,,,,,,
401,2911,13422.40825343132,399422,1778810795.0365455,2115.0,200.0,-2.0,,,,,,,,,,,,,,,,,,,,,,
402,2935,13741.95379114151,402423,1778811114.5820832,2132.0,200.0,-2.0,,,,,,,,,,,,,,,,,,,,,,
403,2949,13758.798658847809,404403,1778811131.426951,2142.0,200.0,-2.0,,,,,,,,,,,,,,,,,,,,,,
404,2959,13769.608588218689,405666,1778811142.2368803,2149.0,200.0,-2.0,,,,,,,,,,,,,,,,,,,,,,
405,2960,13770.192897081375,405743,1778811142.8211892,2150.0,77.0,0.23000000417232513,,,,,,,,,,,,,,,,,,,,,,
406,2975,13787.97071647644,407780,1778811160.5990086,2161.0,200.0,-2.0,,,,,,,,,,,,,,,,,,,,,,
407,2981,13794.63896894455,408564,1778811167.267261,2165.0,200.0,-2.0,,,,,,,,,,,,,,,,,,,,,,
408,2989,13803.825937986374,409603,1778811176.45423,2171.0,200.0,-2.0,,,,,,,,,,,,,,,,,,,,,,
409,2997,13852.46035861969,410801,1778811225.0886507,2177.0,200.0,-2.0,,,,,,,,,,,,,,,,,,,,,,
410,3011,13868.861819982529,412801,1778811241.490112,2187.0,200.0,-2.0,,,,,,,,,,,,,,,,,,,,,,
411,3040,13900.04134631157,416664,1778811272.6696384,2208.0,200.0,-2.0,,,,,,,,,,,,,,,,,,,,,,
412,3051,13912.048183918,418142,1778811284.676476,2216.0,200.0,-2.0,,,,,,,,,,,,,,,,,,,,,,
413,3053,13915.007110357285,418500,1778811287.6354024,,,,0.0002639896119944751,-0.009999999776482582,0.009999999776482582,-0.8223975896835327,2.4246511459350586,,,,,,,,,,,,,,,,,
414,3066,14212.367239236832,420001,1778811584.9955313,2226.0,59.0,-0.5899999737739563,,,,,,,,,,,,,,,,,,,,,,
415,3070,14217.582296133041,420601,1778811590.2105882,2229.0,200.0,-2.0,,,,,,,,,,,,,,,,,,,,,,
416,3082,14230.51982164383,422113,1778811603.1481137,2238.0,22.0,0.7799999713897705,,,,,,,,,,,,,,,,,,,,,,
417,3083,14231.083032608032,422183,1778811603.7113247,2239.0,70.0,0.30000001192092896,,,,,,,,,,,,,,,,,,,,,,
418,3098,14249.990057468414,424383,1778811622.6183496,2250.0,200.0,-2.0,,,,,,,,,,,,,,,,,,,,,,
419,3101,14253.451355695724,424783,1778811626.0796478,2252.0,200.0,-2.0,,,,,,,,,,,,,,,,,,,,,,
420,3103,14255.331554412842,425000,1778811627.9598465,,,,0.00026675715344026685,-0.009999999776482582,0.009999999776482582,-0.8244579434394836,2.41597056388855,,,,,,,,,,,,,,,,,
421,3112,14264.233477830887,426047,1778811636.86177,2260.0,21.0,0.7900000214576721,,,,,,,,,,,,,,,,,,,,,,
422,3125,14281.495626211166,428000,1778811654.1239183,,,,0.0001631055201869458,-0.009999999776482582,0.009999999776482582,-0.8270973563194275,2.4049062728881836,,,,,,,,,,,,,,,,,
423,3127,14283.5769739151,428247,1778811656.205266,2271.0,200.0,-2.0,,,,,,,,,,,,,,,,,,,,,,
424,3129,14285.678072214127,428500,1778811658.3063643,,,,0.000143021548865363,-0.009999999776482582,0.009999999776482582,-0.8241897821426392,2.3988513946533203,,,,,,,,,,,,,,,,,
425,3132,14289.964956521988,429000,1778811662.5932486,,,,0.00015896618424449116,-0.009999999776482582,0.009999999776482582,-0.8289681077003479,2.3980960845947266,,,,,,,,,,,,,,,,,
426,3141,14336.031277656555,430001,1778811708.6595697,2281.0,49.0,-0.49000000953674316,,,,,,,,,,,,,,,,,,,,,,
427,3143,14339.323068857193,430401,1778811711.951361,2283.0,200.0,-2.0,,,,,,,,,,,,,,,,,,,,,,
428,3146,14342.643697023392,430801,1778811715.271989,2285.0,200.0,-2.0,,,,,,,,,,,,,,,,,,,,,,
429,3161,14360.5182929039,433000,1778811733.146585,,,,0.00020483626576606184,-0.009999999776482582,0.009999999776482582,-0.8267888426780701,2.394155263900757,,,,,,,,,,,,,,,,,
430,3162,14360.536416769028,433001,1778811733.1647089,2296.0,200.0,-2.0,,,,,,,,,,,,,,,,,,,,,,
431,3170,14370.389497041702,434201,1778811743.0177891,2302.0,200.0,-2.0,,,,,,,,,,,,,,,,,,,,,,
432,3183,14384.920902729034,436001,1778811757.5491948,2311.0,200.0,-2.0,0.00020487529400270432,-0.009999999776482582,,,2.377511739730835,,,,,,,,,,,,,,,,,
433,3188,14391.241574525833,436801,1778811763.8698666,2315.0,200.0,-2.0,,,,,,,,,,,,,,,,,,,,,,
434,3208,14413.926478624344,439557,1778811786.5547707,2329.0,200.0,-2.0,,,,,,,,,,,,,,,,,,,,,,
435,3217,14691.954069375992,440601,1778812064.5823615,2335.0,200.0,-2.0,,,,,,,,,,,,,,,,,,,,,,
436,3224,14700.54186630249,441601,1778812073.1701584,2340.0,200.0,-2.0,,,,,,,,,,,,,,,,,,,,,,
437,3247,14728.20994925499,444818,1778812100.8382413,2357.0,200.0,-2.0,,,,,,,,,,,,,,,,,,,,,,
438,3250,14731.615153312683,445218,1778812104.2434454,2359.0,200.0,-2.0,,,,,,,,,,,,,,,,,,,,,,
439,3252,14733.894984006882,445500,1778812106.523276,,,,0.00018550912500359118,-0.009999999776482582,0.009999999776482582,-0.8307616710662842,2.3723251819610596,,,,,,,,,,,,,,,,,
440,3255,14738.257838964462,446000,1778812110.886131,,,,0.0002905570436269045,-0.009999999776482582,0.009999999776482582,-0.8310763835906982,2.3707516193389893,,,,,,,,,,,,,,,,,
441,3259,14742.661236286163,446500,1778812115.2895284,,,,0.0002876488142646849,-0.009999999776482582,0.009999999776482582,-0.8307982683181763,2.3690338134765625,,,,,,,,,,,,,,,,,
442,3272,14757.823210716248,448303,1778812130.4515028,2375.0,200.0,-2.0,,,,,,,,,,,,,,,,,,,,,,
443,3275,14761.146364450455,448692,1778812133.7746565,2377.0,189.0,-0.8899999856948853,,,,,,,,,,,,,,,,,,,,,,
444,3276,14762.917033433914,448892,1778812135.5453255,2378.0,200.0,-2.0,,,,,,,,,,,,,,,,,,,,,,
445,3280,14768.177884340286,449492,1778812140.8061764,2381.0,200.0,-2.0,,,,,,,,,,,,,,,,,,,,,,
446,3296,14820.964330911636,451601,1778812193.592623,2392.0,200.0,-2.0,,,,,,,,,,,,,,,,,,,,,,
447,3299,14824.194352149963,452001,1778812196.8226442,2394.0,200.0,-2.0,,,,,,,,,,,,,,,,,,,,,,
448,3309,14836.43083024025,453500,1778812209.0591223,,,,0.0003355882363393903,-0.009999999776482582,0.009999999776482582,-0.8306454420089722,2.3696775436401367,,,,,,,,,,,,,,,,,
449,3313,14840.418538331985,454001,1778812213.0468304,2404.0,200.0,-2.0,,,,,,,,,,,,,,,,,,,,,,
450,3326,14856.634027004242,456000,1778812229.262319,,,,0.00027560198213905096,-0.009999999776482582,0.009999999776482582,-0.8307491540908813,2.3674933910369873,,,,,,,,,,,,,,,,,
451,3337,14869.381134748459,457500,1778812242.0094268,,,,0.00021369484602473676,-0.009023437276482582,0.009999999776482582,-0.8298823833465576,2.3790793418884277,,,,,,,,,,,,,,,,,
452,3338,14870.23609161377,457601,1778812242.8643837,2422.0,200.0,-2.0,,,,,,,,,,,,,,,,,,,,,,
453,3351,14885.846238613129,459500,1778812258.4745307,,,,0.000405145256081596,-0.009023437276482582,0.009999999776482582,-0.8310898542404175,2.3721179962158203,,,,,,,,,,,,,,,,,
454,3353,14888.195802211761,459783,1778812260.8240943,2433.0,200.0,-2.0,,,,,,,,,,,,,,,,,,,,,,
455,3357,15184.405259132385,460001,1778812557.0335512,2435.0,18.0,-0.18000000715255737,,,,,,,,,,,,,,,,,,,,,,
456,3360,15188.461952447891,460466,1778812561.0902445,2438.0,65.0,0.3499999940395355,,,,,,,,,,,,,,,,,,,,,,
457,3364,15193.039761781693,461000,1778812565.6680539,,,,0.0003892174572683871,-0.009999999776482582,0.009999999776482582,-0.8314181566238403,2.365342855453491,,,,,,,,,,,,,,,,,
458,3374,15205.685056447983,462466,1778812578.3133485,2448.0,200.0,-2.0,,,,,,,,,,,,,,,,,,,,,,
459,3377,15208.516585111618,462813,1778812581.1448772,2450.0,147.0,-0.4699999988079071,,,,,,,,,,,,,,,,,,,,,,
460,3388,15219.501028299332,464067,1778812592.1293204,2458.0,200.0,-2.0,,,,,,,,,,,,,,,,,,,,,,
461,3398,15232.101390123367,465500,1778812604.7296822,,,,0.00017216606647707522,-0.009999999776482582,0.009999999776482582,-0.8323383927345276,2.3518929481506348,,,,,,,,,,,,,,,,,
462,3401,15236.526632547379,466000,1778812609.1549246,,,,0.0002685360668692738,-0.009023437276482582,0.009999999776482582,-0.831999659538269,2.35040283203125,,,,,,,,,,,,,,,,,
463,3403,15238.860872030258,466267,1778812611.489164,2469.0,200.0,-2.0,,,,,,,,,,,,,,,,,,,,,,
464,3406,15242.327296257019,466667,1778812614.9555883,2471.0,200.0,-2.0,,,,,,,,,,,,,,,,,,,,,,
465,3407,15244.06243801117,466867,1778812616.69073,2472.0,200.0,-2.0,,,,,,,,,,,,,,,,,,,,,,
466,3419,15258.584999322891,468500,1778812631.2132914,,,,0.00016498869808856398,-0.009999999776482582,0.009999999776482582,-0.8321536183357239,2.350674867630005,,,,,,,,,,,,,,,,,
467,3426,15267.185302495956,469500,1778812639.8135946,,,,0.0001589135208632797,-0.009999999776482582,0.009999999776482582,-0.8302385210990906,2.3416404724121094,,,,,,,,,,,,,,,,,
468,3428,15269.133265256882,469730,1778812641.7615573,2487.0,200.0,-2.0,,,,,,,,,,,,,,,,,,,,,,
469,3435,15312.70244026184,470445,1778812685.3307323,2493.0,200.0,-2.0,,,,,,,,,,,,,,,,,,,,,,
470,3439,15317.278562307358,471000,1778812689.9068544,,,,0.00014149305934552103,-0.009023437276482582,0.009999999776482582,-0.8328737616539001,2.351555824279785,,,,,,,,,,,,,,,,,
471,3450,15329.570225954056,472500,1778812702.198518,,,,0.00017542084970045835,-0.009999999776482582,0.009999999776482582,-0.829596221446991,2.3495519161224365,,,,,,,,,,,,,,,,,
472,3451,15329.847341537476,472539,1778812702.4756336,2504.0,200.0,-2.0,,,,,,,,,,,,,,,,,,,,,,
473,3456,15336.39148902893,473339,1778812709.019781,2508.0,200.0,-2.0,,,,,,,,,,,,,,,,,,,,,,
474,3459,15339.66422009468,473739,1778812712.2925122,2510.0,200.0,-2.0,,,,,,,,,,,,,,,,,,,,,,
475,3462,15342.764413118362,474139,1778812715.3927052,2512.0,200.0,-2.0,,,,,,,,,,,,,,,,,,,,,,
476,3476,15357.311648130417,475895,1778812729.9399402,2523.0,68.0,0.3199999928474426,,,,,,,,,,,,,,,,,,,,,,
477,3479,15360.557467222214,476295,1778812733.1857593,2525.0,200.0,-2.0,,,,,,,,,,,,,,,,,,,,,,
478,3498,15381.654970884323,478903,1778812754.283263,2539.0,200.0,-2.0,,,,,,,,,,,,,,,,,,,,,,
479,3503,15386.521088600159,479500,1778812759.1493807,,,,0.00014041623217053711,-0.009023437276482582,0.009999999776482582,-0.8282521367073059,2.377020835876465,,,,,,,,,,,,,,,,,
480,3513,15663.02944803238,480601,1778813035.65774,2549.0,200.0,-2.0,,,,,,,,,,,,,,,,,,,,,,
481,3525,15675.96140909195,482094,1778813048.5897012,2558.0,200.0,-2.0,,,,,,,,,,,,,,,,,,,,,,
482,3537,15688.89452958107,483598,1778813061.5228217,2567.0,200.0,-2.0,,,,,,,,,,,,,,,,,,,,,,
483,3543,15696.85159945488,484500,1778813069.4798915,,,,0.00036475597880780697,-0.009999999776482582,0.009999999776482582,-0.8310429453849792,2.35050106048584,,,,,,,,,,,,,,,,,
484,3554,15709.786679983139,486000,1778813082.414972,,,,0.0004212013736832887,-0.009999999776482582,0.009999999776482582,-0.8283413648605347,2.357208013534546,,,,,,,,,,,,,,,,,
485,3555,15710.204947710037,486045,1778813082.8332398,2580.0,200.0,-2.0,,,,,,,,,,,,,,,,,,,,,,
486,3576,15736.131323099136,489045,1778813108.7596152,2595.0,200.0,-2.0,,,,,,,,,,,,,,,,,,,,,,
487,3578,15738.224678754807,489282,1778813110.8529708,2597.0,37.0,0.6299999952316284,,,,,,,,,,,,,,,,,,,,,,
488,3581,15741.571963071823,489682,1778813114.2002552,2599.0,200.0,-2.0,,,,,,,,,,,,,,,,,,,,,,
489,3586,15785.56373500824,490401,1778813158.192027,2603.0,200.0,-2.0,,,,,,,,,,,,,,,,,,,,,,
490,3589,15788.351768732071,490748,1778813160.9800608,2605.0,147.0,-0.4699999988079071,,,,,,,,,,,,,,,,,,,,,,
491,3591,15790.361785888672,491000,1778813162.990078,,,,0.00020347972167655826,-0.009999999776482582,0.009999999776482582,-0.8263262510299683,2.3717477321624756,,,,,,,,,,,,,,,,,
492,3605,15806.585760354996,493000,1778813179.2140524,,,,0.00023914576740935445,-0.009999999776482582,0.009999999776482582,-0.8256896734237671,2.3737454414367676,,,,,,,,,,,,,,,,,
493,3610,15811.526817560196,493630,1778813184.1551096,2620.0,128.0,-0.2800000011920929,,,,,,,,,,,,,,,,,,,,,,
494,3613,15814.858294010162,494030,1778813187.486586,2622.0,200.0,-2.0,,,,,,,,,,,,,,,,,,,,,,
495,3622,15824.312778711319,495186,1778813196.9410708,2629.0,200.0,-2.0,,,,,,,,,,,,,,,,,,,,,,
496,3640,15844.250308036804,497638,1778813216.8786001,2642.0,200.0,-2.0,,,,,,,,,,,,,,,,,,,,,,
497,3644,15847.913218021393,498070,1778813220.54151,2645.0,32.0,0.6800000071525574,,,,,,,,,,,,,,,,,,,,,,
498,3650,15855.490678787231,498976,1778813228.1189709,2650.0,200.0,-2.0,,,,,,,,,,,,,,,,,,,,,,
499,3656,15862.025379657745,499776,1778813234.6536717,2654.0,200.0,-2.0,,,,,,,,,,,,,,,,,,,,,,
